{
  "in_position": true,
  "peak_price": 77489.1,
  "direction": "long",
  "entry_price": 77420.6,
  "activation_price": 78194.80600000001,
  "activated": false,
  "start_time": "2026-04-27T23:09:41.104385",
  "qty": 0.03
}